,date,product_id,price
0,2020-01-01,1,0.6811314982961945
1,2020-01-02,1,0.4002457666240229
2,2020-01-03,1,0.45777835551118184
3,2020-01-04,1,0.09228614240292954
4,2020-01-05,1,0.20777538761752123
5,2020-01-06,1,0.30668351642603997
6,2020-01-07,1,0.023823541963710504
7,2020-01-08,1,0.0037434095800283895
8,2020-01-09,1,0.012694580265756095
9,2020-01-10,1,1.7864597391637251
10,2020-01-11,1,2.4176566550695053
11,2020-01-12,1,0.14304290257312413
12,2020-01-13,1,0.7175154922375462
13,2020-01-14,1,0.19165232392444764
14,2020-01-15,1,0.027554189019717956
15,2020-01-16,1,0.9026674575941567
16,2020-01-17,1,0.16305282201975402
17,2020-01-18,1,3.156977817310893
18,2020-01-19,1,0.830323938683629
19,2020-01-20,1,0.4194320284025628
20,2020-01-21,1,0.37382052850542524
21,2020-01-22,1,6.0097556261975935
22,2020-01-23,1,0.8132776056551831
23,2020-01-24,1,2.2863987656963674
24,2020-01-25,1,16.02826543653993
25,2020-01-26,1,0.11528710978729384
26,2020-01-27,1,0.8823583648850934
27,2020-01-28,1,3.063147554490766
28,2020-01-29,1,0.2110995663601214
29,2020-01-30,1,0.09903877596102428
30,2020-01-31,1,0.2161972117236859
31,2020-02-01,1,0.9780484507939755
32,2020-02-02,1,2.4711371253886387
33,2020-02-03,1,1.2240596820556906
34,2020-02-04,1,0.7973020199657399
35,2020-02-05,1,0.5895611341756377
36,2020-02-06,1,2.4051748568172004
37,2020-02-07,1,0.8899294833779863
38,2020-02-08,1,0.209023928488006
39,2020-02-09,1,12.004235189520465
40,2020-02-10,1,0.1684463102189564
41,2020-02-11,1,0.4522949743409599
42,2020-02-12,1,0.07551831865565539
43,2020-02-13,1,107.68660155488023
44,2020-02-14,1,0.2194269205504269
45,2020-02-15,1,0.6739003131597425
46,2020-02-16,1,0.25286441723856323
47,2020-02-17,1,1.0752098015569116
48,2020-02-18,1,0.38511125133506696
49,2020-02-19,1,0.455040977360742
50,2020-02-20,1,0.29456491090215553
51,2020-02-21,1,0.25213242132487546
52,2020-02-22,1,0.09900028143549022
53,2020-02-23,1,0.5252575480570842
54,2020-02-24,1,3.742548076563704
55,2020-02-25,1,1.0468299974730932
56,2020-02-26,1,0.5160930634334366
57,2020-02-27,1,0.012906039696073401
58,2020-02-28,1,2.9728161312644246
59,2020-02-29,1,4.7188573066331
60,2020-03-01,1,0.37930842426157185
61,2020-03-02,1,0.6100374472406906
62,2020-03-03,1,0.015551795436153926
63,2020-03-04,1,5.102342249610871
64,2020-03-05,1,0.5832336674007794
65,2020-03-06,1,0.5226380300751301
66,2020-03-07,1,1.7650196277349708
67,2020-03-08,1,0.18271692205003953
68,2020-03-09,1,0.012086912559309715
69,2020-03-10,1,0.10648904330186126
70,2020-03-11,1,3.8860127268009954
71,2020-03-12,1,3.955796655849263
72,2020-03-13,1,1.2862531571162128
73,2020-03-14,1,0.3023760142533265
74,2020-03-15,1,4.30126074139311
75,2020-03-16,1,1.8940098219942336
76,2020-03-17,1,13.275499328366704
77,2020-03-18,1,2.0427074074414997
78,2020-03-19,1,0.14965878026265989
79,2020-03-20,1,0.7892725657082775
80,2020-03-21,1,0.3871274150082977
81,2020-03-22,1,9.618435740443516
82,2020-03-23,1,1.618718756320424
83,2020-03-24,1,0.4346659621774531
84,2020-03-25,1,2.606993965580505
85,2020-03-26,1,0.667332007256854
86,2020-03-27,1,1.2947152724338458
87,2020-03-28,1,0.1251955964850875
88,2020-03-29,1,0.04485237796156172
89,2020-03-30,1,2.9027388119151287
90,2020-03-31,1,0.11157001210998851
91,2020-04-01,1,0.5134797069284533
92,2020-04-02,1,1.313478357457858
93,2020-04-03,1,0.17105692513887494
94,2020-04-04,1,0.2482512226198419
95,2020-04-05,1,0.9047051517223585
96,2020-04-06,1,0.9467098045485305
97,2020-04-07,1,0.4668126731538602
98,2020-04-08,1,0.24947650246267705
99,2020-04-09,1,0.6908840459213812
100,2020-01-01,2,0.21979917780751923
101,2020-01-02,2,0.21426447224661826
102,2020-01-03,2,0.1939771765114573
103,2020-01-04,2,2.6169039352230796
104,2020-01-05,2,0.3877978285584236
105,2020-01-06,2,1.1138300199193973
106,2020-01-07,2,0.24307102626428145
107,2020-01-08,2,1.1266376394276794
108,2020-01-09,2,2.489014309851813
109,2020-01-10,2,1.7025429566913037
110,2020-01-11,2,0.5321011036646361
111,2020-01-12,2,2.2046170229990905
112,2020-01-13,2,0.032194924089010035
113,2020-01-14,2,0.32583062817633013
114,2020-01-15,2,1.6006931018124964
115,2020-01-16,2,0.02888956366002482
116,2020-01-17,2,0.7941865273886681
117,2020-01-18,2,0.2913977461644146
118,2020-01-19,2,0.36147878122900035
119,2020-01-20,2,0.13569445242751965
120,2020-01-21,2,2.91148896576505
121,2020-01-22,2,0.3068928797673536
122,2020-01-23,2,0.0023078370729054942
123,2020-01-24,2,1.3759578499797933
124,2020-01-25,2,1.7186243110814288
125,2020-01-26,2,37.301051133794275
126,2020-01-27,2,6.503695981357673
127,2020-01-28,2,0.3064409892476432
128,2020-01-29,2,1.4854557042641834
129,2020-01-30,2,0.03204327921589378
130,2020-01-31,2,8.99827932399985
131,2020-02-01,2,0.33316118468132383
132,2020-02-02,2,0.01253400011707173
133,2020-02-03,2,0.315621268291719
134,2020-02-04,2,0.5029546196540851
135,2020-02-05,2,0.6110148261211761
136,2020-02-06,2,0.13044706015087493
137,2020-02-07,2,2.0508396418441803
138,2020-02-08,2,3.765058764678664
139,2020-02-09,2,0.6558180223694512
140,2020-02-10,2,0.029935704210470204
141,2020-02-11,2,0.9234082722511026
142,2020-02-12,2,0.2653668705625072
143,2020-02-13,2,0.2515219522308607
144,2020-02-14,2,2.206145238710488
145,2020-02-15,2,2.4987194793969882
146,2020-02-16,2,1.2583153702166001
147,2020-02-17,2,0.05570030873325904
148,2020-02-18,2,1.2770226112461156
149,2020-02-19,2,0.41561759656840835
150,2020-02-20,2,2.4767930202830777
151,2020-02-21,2,0.6133929788490506
152,2020-02-22,2,0.3427127636363452
153,2020-02-23,2,3.9719011501425
154,2020-02-24,2,0.8512175203289085
155,2020-02-25,2,0.06918758046048201
156,2020-02-26,2,12.739831662596744
157,2020-02-27,2,0.05759740756241527
158,2020-02-28,2,0.28550771659734364
159,2020-02-29,2,0.011660047500923865
160,2020-03-01,2,0.04669154551053811
161,2020-03-02,2,0.8726959494444859
162,2020-03-03,2,0.15111581980182787
163,2020-03-04,2,0.842253795622024
164,2020-03-05,2,0.07497754951296698
165,2020-03-06,2,1.1390814912799305
166,2020-03-07,2,0.11731566187179521
167,2020-03-08,2,0.6103994559160122
168,2020-03-09,2,0.4802259233666084
169,2020-03-10,2,0.548432820117194
170,2020-03-11,2,1.4848915257609563
171,2020-03-12,2,0.8021178483819733
172,2020-03-13,2,0.18754660875093343
173,2020-03-14,2,2.5405339208684055
174,2020-03-15,2,0.18895907608339635
175,2020-03-16,2,0.7240538646080696
176,2020-03-17,2,0.17190376985419897
177,2020-03-18,2,0.10563291267858599
178,2020-03-19,2,0.7880318984332801
179,2020-03-20,2,0.23988472876660083
180,2020-03-21,2,0.09177624780899962
181,2020-03-22,2,7.301993951638632
182,2020-03-23,2,0.5599032912993147
183,2020-03-24,2,1.4236657477473544
184,2020-03-25,2,0.09487126328700302
185,2020-03-26,2,0.06992195886947572
186,2020-03-27,2,0.2219305730823582
187,2020-03-28,2,0.24953588833421025
188,2020-03-29,2,0.5492459638075933
189,2020-03-30,2,4.075004921172654
190,2020-03-31,2,0.30086859457224
191,2020-04-01,2,0.34725498568388513
192,2020-04-02,2,0.16374536881978186
193,2020-04-03,2,0.05962260302102429
194,2020-04-04,2,0.3397463706311099
195,2020-04-05,2,0.24802165128632359
196,2020-04-06,2,0.060369151783030484
197,2020-04-07,2,0.8216402754330567
198,2020-04-08,2,0.17900288499664052
199,2020-04-09,2,0.8163117634467818
200,2020-01-01,3,0.05867309669927834
201,2020-01-02,3,1.3816993639321131
202,2020-01-03,3,0.09377312603083521
203,2020-01-04,3,0.7263799077209165
204,2020-01-05,3,1.0953066379547143
205,2020-01-06,3,0.44345746205971426
206,2020-01-07,3,0.5670574958250114
207,2020-01-08,3,0.11928212686524509
208,2020-01-09,3,4.657822217718859
209,2020-01-10,3,1.8293199041506862
210,2020-01-11,3,11.247596101925962
211,2020-01-12,3,0.5160365044152326
212,2020-01-13,3,1.6952658940419862
213,2020-01-14,3,0.005947248112738279
214,2020-01-15,3,1.3671470305485185
215,2020-01-16,3,2.0406798482690918
216,2020-01-17,3,1.7165778213769185
217,2020-01-18,3,60.617860847514194
218,2020-01-19,3,4.727031596386266
219,2020-01-20,3,0.45105680531779546
220,2020-01-21,3,0.645142697399419
221,2020-01-22,3,1.098604015624347
222,2020-01-23,3,0.028610255633443327
223,2020-01-24,3,1.2014353315407935
224,2020-01-25,3,1.2853281143375956
225,2020-01-26,3,10.971718035612664
226,2020-01-27,3,4.892938234458378
227,2020-01-28,3,0.37531779461637615
228,2020-01-29,3,12.992749186817129
229,2020-01-30,3,0.2151308815150177
230,2020-01-31,3,0.18518226179568642
231,2020-02-01,3,0.3059743188915711
232,2020-02-02,3,14.35256319339115
233,2020-02-03,3,0.10047810000656887
234,2020-02-04,3,0.29988742335446417
235,2020-02-05,3,1.0296034027336844
236,2020-02-06,3,5.072205209493716
237,2020-02-07,3,0.348180279234068
238,2020-02-08,3,0.11396504357556747
239,2020-02-09,3,0.2532503782661162
240,2020-02-10,3,0.6425249893953588
241,2020-02-11,3,0.15903273911142546
242,2020-02-12,3,0.4284986180790442
243,2020-02-13,3,0.20111975300484697
244,2020-02-14,3,1.597991248143908
245,2020-02-15,3,8.993016022876613
246,2020-02-16,3,2.5932590085975047
247,2020-02-17,3,0.3280899637062742
248,2020-02-18,3,0.2962225765623603
249,2020-02-19,3,1.150446783820354
250,2020-02-20,3,0.019540548689400028
251,2020-02-21,3,0.6222914132593176
252,2020-02-22,3,24.458426223096566
253,2020-02-23,3,1.7022654005107656
254,2020-02-24,3,5.729105203924358
255,2020-02-25,3,0.3483260505487902
256,2020-02-26,3,1.6118844255599343
257,2020-02-27,3,2.378137836828837
258,2020-02-28,3,34.85989909823064
259,2020-02-29,3,0.5000823153335647
260,2020-03-01,3,0.3965430077833967
261,2020-03-02,3,1.1432316036852792
262,2020-03-03,3,1.3191184758557433
263,2020-03-04,3,0.24180480710435637
264,2020-03-05,3,0.19917389850695733
265,2020-03-06,3,1.122778454721439
266,2020-03-07,3,0.42697688216939045
267,2020-03-08,3,12.333688700598465
268,2020-03-09,3,0.5904498773996318
269,2020-03-10,3,0.07328497412862145
270,2020-03-11,3,1.077854033042434
271,2020-03-12,3,0.7636075037786794
272,2020-03-13,3,0.36329190793075306
273,2020-03-14,3,0.8178494726156742
274,2020-03-15,3,1.6313979887148196
275,2020-03-16,3,15.213893435165726
276,2020-03-17,3,0.42871495620723654
277,2020-03-18,3,0.2649935628502771
278,2020-03-19,3,0.0991805803693131
279,2020-03-20,3,0.13721344701337523
280,2020-03-21,3,0.1720299652076398
281,2020-03-22,3,710.7115170206769
282,2020-03-23,3,0.23290665135323918
283,2020-03-24,3,1.7411226512483342
284,2020-03-25,3,1.3218092478623062
285,2020-03-26,3,1.4386120591571858
286,2020-03-27,3,0.9114365714213828
287,2020-03-28,3,2.6514735240196847
288,2020-03-29,3,0.984387029357118
289,2020-03-30,3,0.3024458433156776
290,2020-03-31,3,0.4147821082786678
291,2020-04-01,3,0.04450041472086741
292,2020-04-02,3,0.15956192610396824
293,2020-04-03,3,2.9306957279977413
294,2020-04-04,3,3.3822245249052845
295,2020-04-05,3,0.09612998041848853
296,2020-04-06,3,0.35365015956336476
297,2020-04-07,3,0.50470255685591
298,2020-04-08,3,3.6624695598482333
299,2020-04-09,3,4.542219415693338
300,2020-01-01,4,1.347183131038571
301,2020-01-02,4,0.24107754221467625
302,2020-01-03,4,0.07552378017632888
303,2020-01-04,4,0.22976106324143153
304,2020-01-05,4,0.20971554568278794
305,2020-01-06,4,1.9521215359326312
306,2020-01-07,4,0.9293918291732033
307,2020-01-08,4,0.049541265782680144
308,2020-01-09,4,1.063997630041428
309,2020-01-10,4,0.007170465184945352
310,2020-01-11,4,0.009011730088677616
311,2020-01-12,4,0.26997056378431616
312,2020-01-13,4,0.006698907606371263
313,2020-01-14,4,0.01840034689307335
314,2020-01-15,4,1.3582807488076525
315,2020-01-16,4,0.3084055566120938
316,2020-01-17,4,1.6899541843483155
317,2020-01-18,4,0.4737353142340608
318,2020-01-19,4,3.428034464830832
319,2020-01-20,4,0.39644264886859815
320,2020-01-21,4,0.3555094317576881
321,2020-01-22,4,0.5335292659532083
322,2020-01-23,4,7.267384514976296
323,2020-01-24,4,0.08967853496281264
324,2020-01-25,4,0.37123130237750157
325,2020-01-26,4,2.5730344390097173
326,2020-01-27,4,1.6237564284168817
327,2020-01-28,4,0.3189455599222859
328,2020-01-29,4,0.6518992600543154
329,2020-01-30,4,0.431618460150228
330,2020-01-31,4,0.037868848663938914
331,2020-02-01,4,0.7528123573798715
332,2020-02-02,4,0.27627425652727866
333,2020-02-03,4,0.2826216102990755
334,2020-02-04,4,0.04778559812590233
335,2020-02-05,4,2.6068657926544785
336,2020-02-06,4,1.989127043654455
337,2020-02-07,4,0.1898935868312448
338,2020-02-08,4,1.0909722652931344
339,2020-02-09,4,0.31274890209981354
340,2020-02-10,4,1.2362007767728072
341,2020-02-11,4,0.907012785928736
342,2020-02-12,4,6.953458433224102
343,2020-02-13,4,0.9972032295014783
344,2020-02-14,4,6.287335039768216
345,2020-02-15,4,1.2354120080323927
346,2020-02-16,4,2.1472439919471618
347,2020-02-17,4,3.5762260438049616
348,2020-02-18,4,0.8417335643759714
349,2020-02-19,4,4.1884012436745035
350,2020-02-20,4,0.13233106448768028
351,2020-02-21,4,0.1760196299052854
352,2020-02-22,4,0.8417294417668357
353,2020-02-23,4,0.009936133055673535
354,2020-02-24,4,27.310993756358027
355,2020-02-25,4,0.16876659806957472
356,2020-02-26,4,0.7484100261902891
357,2020-02-27,4,0.4453070004629387
358,2020-02-28,4,3.9032198905484483
359,2020-02-29,4,1.0053974523964087
360,2020-03-01,4,0.8233627202430005
361,2020-03-02,4,0.21779431113099457
362,2020-03-03,4,4.1109554512332975
363,2020-03-04,4,0.12091032500716858
364,2020-03-05,4,0.019490179078405445
365,2020-03-06,4,0.24769813151647302
366,2020-03-07,4,1.7496403220615213
367,2020-03-08,4,0.6254530636969406
368,2020-03-09,4,0.8736261552631439
369,2020-03-10,4,0.013199410716963067
370,2020-03-11,4,3.8489119398947222
371,2020-03-12,4,1.354904299258358
372,2020-03-13,4,1.5392806926272837
373,2020-03-14,4,0.7672301248350166
374,2020-03-15,4,0.15666265053576023
375,2020-03-16,4,24.328772053174117
376,2020-03-17,4,0.13731045137249587
377,2020-03-18,4,1.0644485823242453
378,2020-03-19,4,0.4459577012315543
379,2020-03-20,4,0.4512301358443891
380,2020-03-21,4,1.5914313678820644
381,2020-03-22,4,1.1897688737063894
382,2020-03-23,4,0.06379136872904723
383,2020-03-24,4,0.16440052644789804
384,2020-03-25,4,0.0011272961157584582
385,2020-03-26,4,0.14488201588858907
386,2020-03-27,4,2.64845570931147
387,2020-03-28,4,0.5042587012033366
388,2020-03-29,4,0.2798211029091706
389,2020-03-30,4,0.6797680374874646
390,2020-03-31,4,5.2481602921580475
391,2020-04-01,4,0.1632666176438049
392,2020-04-02,4,2.4850670514936195
393,2020-04-03,4,0.3543283735199627
394,2020-04-04,4,2.5490509754661703
395,2020-04-05,4,0.2212890993824701
396,2020-04-06,4,0.5833374959487561
397,2020-04-07,4,0.8643073349009249
398,2020-04-08,4,2.8930247539705722
399,2020-04-09,4,0.37057725674150044
400,2020-01-01,5,58.05861922855866
401,2020-01-02,5,0.3181296565993261
402,2020-01-03,5,1.4790975142367402
403,2020-01-04,5,1.129426740569993
404,2020-01-05,5,60.730293213720856
405,2020-01-06,5,5.847549621170114
406,2020-01-07,5,1.286535926358272
407,2020-01-08,5,0.38729138724149315
408,2020-01-09,5,0.5572136315205478
409,2020-01-10,5,0.298945456251402
410,2020-01-11,5,3.0697152737729967
411,2020-01-12,5,89.30533266464431
412,2020-01-13,5,0.39853588245298743
413,2020-01-14,5,0.9130461651751014
414,2020-01-15,5,2.8575384653004865
415,2020-01-16,5,0.32883692587922986
416,2020-01-17,5,0.4705006621750727
417,2020-01-18,5,5.2090580394954396
418,2020-01-19,5,0.04777544780508247
419,2020-01-20,5,0.018536601613255543
420,2020-01-21,5,2.5611581528811254
421,2020-01-22,5,0.8455740085190331
422,2020-01-23,5,0.3944794683198356
423,2020-01-24,5,0.6295507439845194
424,2020-01-25,5,2.613689526686391
425,2020-01-26,5,3.750097820274113
426,2020-01-27,5,4.929012520908771
427,2020-01-28,5,2.430670735289576
428,2020-01-29,5,0.006446403832055747
429,2020-01-30,5,1.5994051875315467
430,2020-01-31,5,0.04964101954951694
431,2020-02-01,5,0.9314563290708628
432,2020-02-02,5,8.858429647247133
433,2020-02-03,5,0.19790440968170286
434,2020-02-04,5,0.3455768012375411
435,2020-02-05,5,0.3119421215684439
436,2020-02-06,5,2.4421033662248868
437,2020-02-07,5,0.561810956488143
438,2020-02-08,5,8.0092848825444
439,2020-02-09,5,3.0305915316397147
440,2020-02-10,5,0.6619992120785994
441,2020-02-11,5,0.1726988097909985
442,2020-02-12,5,1.7554536652637545
443,2020-02-13,5,0.09324188629133467
444,2020-02-14,5,0.9048768239898815
445,2020-02-15,5,2.5640465531630885
446,2020-02-16,5,1.7698734251654784
447,2020-02-17,5,0.09838094469175473
448,2020-02-18,5,0.16806931068003927
449,2020-02-19,5,4.918145950931675
450,2020-02-20,5,0.43391706410954667
451,2020-02-21,5,0.2778944037205384
452,2020-02-22,5,4.62697634539045
453,2020-02-23,5,0.7493877143806995
454,2020-02-24,5,1.6932997384379869
455,2020-02-25,5,3.8568038505723905
456,2020-02-26,5,7.047290330084953
457,2020-02-27,5,2.5544913912679554
458,2020-02-28,5,5.970419856067207
459,2020-02-29,5,0.2829853091828478
460,2020-03-01,5,4.683805799630453
461,2020-03-02,5,3.2941649824270094
462,2020-03-03,5,9.424353287191277
463,2020-03-04,5,0.7194491186602616
464,2020-03-05,5,0.8121985965269678
465,2020-03-06,5,0.009286502286277143
466,2020-03-07,5,0.38687105262865895
467,2020-03-08,5,0.6760837922580138
468,2020-03-09,5,0.07315074651497677
469,2020-03-10,5,0.003298773903050778
470,2020-03-11,5,2.9735862586350486
471,2020-03-12,5,26.688718791086476
472,2020-03-13,5,28.4619530325171
473,2020-03-14,5,3.638646763008248
474,2020-03-15,5,6.3772340381016726
475,2020-03-16,5,6.344370670219493
476,2020-03-17,5,0.6967101199992336
477,2020-03-18,5,0.875192830188299
478,2020-03-19,5,0.05004139833967547
479,2020-03-20,5,0.21667146537997595
480,2020-03-21,5,2.5689889602246114
481,2020-03-22,5,2.2456651735621707
482,2020-03-23,5,0.059452189362113605
483,2020-03-24,5,1.2794523913733236
484,2020-03-25,5,1.7505490481014712
485,2020-03-26,5,4.163464321564782
486,2020-03-27,5,0.8293714521310931
487,2020-03-28,5,1.1258824822163636
488,2020-03-29,5,0.12752784435269993
489,2020-03-30,5,0.36083858790946666
490,2020-03-31,5,0.49731693294390533
491,2020-04-01,5,5.131267452229956
492,2020-04-02,5,30.804345637915688
493,2020-04-03,5,0.0578145596914208
494,2020-04-04,5,8.241134024075503
495,2020-04-05,5,0.11505837350291137
496,2020-04-06,5,1.808078809187664
497,2020-04-07,5,0.2520397706796407
498,2020-04-08,5,0.9256029082901358
499,2020-04-09,5,7.098961475236136
500,2020-01-01,6,0.17360665482862858
501,2020-01-02,6,1.2193487556737903
502,2020-01-03,6,5.339001548693378
503,2020-01-04,6,10.688352551310537
504,2020-01-05,6,0.29196588646614186
505,2020-01-06,6,0.19120927764192408
506,2020-01-07,6,0.3402544090887407
507,2020-01-08,6,1.199371435938776
508,2020-01-09,6,0.7426416555784572
509,2020-01-10,6,0.40367001993351326
510,2020-01-11,6,5.237578019578369
511,2020-01-12,6,0.15731116859416217
512,2020-01-13,6,0.2852756994280401
513,2020-01-14,6,0.8095672176262632
514,2020-01-15,6,0.5114016115709252
515,2020-01-16,6,0.9231453643756642
516,2020-01-17,6,1.1343093065963865
517,2020-01-18,6,1.8223605420512845
518,2020-01-19,6,0.5932534924107771
519,2020-01-20,6,0.6553747587564445
520,2020-01-21,6,0.10726076268510831
521,2020-01-22,6,0.9880673280683003
522,2020-01-23,6,1.4877719844524493
523,2020-01-24,6,1.9021039680965495
524,2020-01-25,6,0.12130130512963899
525,2020-01-26,6,0.6435018063629507
526,2020-01-27,6,0.1445626212711677
527,2020-01-28,6,0.09145750454582635
528,2020-01-29,6,6.666229310352717
529,2020-01-30,6,0.15743579703433785
530,2020-01-31,6,0.018671353116809675
531,2020-02-01,6,2.460860021763421
532,2020-02-02,6,0.5972766556388931
533,2020-02-03,6,1.4146447555518558
534,2020-02-04,6,0.5171481826593878
535,2020-02-05,6,0.006736334181855819
536,2020-02-06,6,0.17941641045933854
537,2020-02-07,6,1.5027995840674562
538,2020-02-08,6,1.8776326615663397
539,2020-02-09,6,0.30586785254695803
540,2020-02-10,6,0.05244269296048487
541,2020-02-11,6,3.771374259018054
542,2020-02-12,6,1.0086050785876641
543,2020-02-13,6,1.267575799445725
544,2020-02-14,6,4.197185578198081
545,2020-02-15,6,1.700774773982709
546,2020-02-16,6,0.5956365606641378
547,2020-02-17,6,1.337321747245452
548,2020-02-18,6,0.1621460780635029
549,2020-02-19,6,3.1951069967486303
550,2020-02-20,6,0.3034917070002474
551,2020-02-21,6,0.2766774308982578
552,2020-02-22,6,0.5302963338943962
553,2020-02-23,6,0.25046417280872935
554,2020-02-24,6,0.505166913846953
555,2020-02-25,6,2.665797207059103
556,2020-02-26,6,0.14344414068255262
557,2020-02-27,6,1.4400748239311745
558,2020-02-28,6,3.123181327841051
559,2020-02-29,6,2.2676325192672695
560,2020-03-01,6,0.11676073884993521
561,2020-03-02,6,1.3428006016217195
562,2020-03-03,6,0.018460859096462556
563,2020-03-04,6,0.7110868870381426
564,2020-03-05,6,0.697104300542378
565,2020-03-06,6,0.7452916838110095
566,2020-03-07,6,0.5750982695869151
567,2020-03-08,6,0.001242186285345781
568,2020-03-09,6,4.701756410595814
569,2020-03-10,6,0.17398580263238994
570,2020-03-11,6,1.1379263479077606
571,2020-03-12,6,4.307720817773502
572,2020-03-13,6,0.03245029484704931
573,2020-03-14,6,2.4249718652338736
574,2020-03-15,6,0.566751892922909
575,2020-03-16,6,0.024616663016800322
576,2020-03-17,6,1.001707092355392
577,2020-03-18,6,1.2256541009414499
578,2020-03-19,6,1.3258403846968823
579,2020-03-20,6,6.727315768984102
580,2020-03-21,6,1.0881767025284588
581,2020-03-22,6,0.31075257753724617
582,2020-03-23,6,0.1272785890104713
583,2020-03-24,6,0.18216681739885554
584,2020-03-25,6,0.08156065288904601
585,2020-03-26,6,0.13786895085562656
586,2020-03-27,6,0.4425348025665288
587,2020-03-28,6,4.553668496263343
588,2020-03-29,6,0.7356935628167947
589,2020-03-30,6,0.4907750745119239
590,2020-03-31,6,1.2678884006714402
591,2020-04-01,6,1.0950730966034352
592,2020-04-02,6,2.3368152673427294
593,2020-04-03,6,1.2090369682303912
594,2020-04-04,6,0.4812752526070996
595,2020-04-05,6,0.7128799847935416
596,2020-04-06,6,0.014557645627289117
597,2020-04-07,6,0.13079346788345947
598,2020-04-08,6,1.0496555510655168
599,2020-04-09,6,0.08771316614027147
600,2020-01-01,7,0.1486005407832669
601,2020-01-02,7,5.986433497249063
602,2020-01-03,7,0.17953841703178952
603,2020-01-04,7,3.9050231336987373
604,2020-01-05,7,1.7296586183984672
605,2020-01-06,7,0.011229727665245104
606,2020-01-07,7,1.574057891584899
607,2020-01-08,7,0.5995563030398887
608,2020-01-09,7,0.17859396777221526
609,2020-01-10,7,0.29215130672526946
610,2020-01-11,7,0.4584584230674509
611,2020-01-12,7,1.073482335787419
612,2020-01-13,7,78.61000213136022
613,2020-01-14,7,1.7520777711858955
614,2020-01-15,7,28.174958545804042
615,2020-01-16,7,0.4603052393256275
616,2020-01-17,7,12.698313333411532
617,2020-01-18,7,2.5675374728135263
618,2020-01-19,7,28.088261419091705
619,2020-01-20,7,0.5942009139848614
620,2020-01-21,7,1.465366243315176
621,2020-01-22,7,7.854654643184357
622,2020-01-23,7,0.9614960374322488
623,2020-01-24,7,0.35668936481369995
624,2020-01-25,7,0.9664153703718765
625,2020-01-26,7,0.050237817799492435
626,2020-01-27,7,0.37344276369564366
627,2020-01-28,7,0.9672687450614337
628,2020-01-29,7,1.6607567627876851
629,2020-01-30,7,0.2562654744647406
630,2020-01-31,7,0.3916744012857769
631,2020-02-01,7,0.17484909430207485
632,2020-02-02,7,0.677307906302979
633,2020-02-03,7,1.6132931191539912
634,2020-02-04,7,0.16961254776843115
635,2020-02-05,7,0.8936741702314741
636,2020-02-06,7,0.012510973637666956
637,2020-02-07,7,0.2514392307258875
638,2020-02-08,7,0.26346185449879544
639,2020-02-09,7,1.6629429234615882
640,2020-02-10,7,19.015375733164912
641,2020-02-11,7,0.7853110356923609
642,2020-02-12,7,0.12085722475386795
643,2020-02-13,7,1.850728219921847
644,2020-02-14,7,3.8710099182953916
645,2020-02-15,7,0.009627620214917476
646,2020-02-16,7,3.685838528923054
647,2020-02-17,7,0.07023498485951607
648,2020-02-18,7,0.3727046888022951
649,2020-02-19,7,0.2877453763272746
650,2020-02-20,7,1.5000482088195066
651,2020-02-21,7,2.1437076231032357
652,2020-02-22,7,0.9320225120545593
653,2020-02-23,7,0.4341256267544684
654,2020-02-24,7,0.3246147403527746
655,2020-02-25,7,0.3164676278526728
656,2020-02-26,7,1.2375684779396092
657,2020-02-27,7,1.5577721108869
658,2020-02-28,7,1.8908970118123802
659,2020-02-29,7,0.6258109342266078
660,2020-03-01,7,0.6183585238074836
661,2020-03-02,7,0.2013089859745243
662,2020-03-03,7,0.39027853562775805
663,2020-03-04,7,1.0059038474699387
664,2020-03-05,7,0.4933010636543853
665,2020-03-06,7,0.0716434960424952
666,2020-03-07,7,3.9860329783990016
667,2020-03-08,7,1.98411744632544
668,2020-03-09,7,1.0391375358448927
669,2020-03-10,7,4.960081160609678
670,2020-03-11,7,31.13129468565173
671,2020-03-12,7,2.4353997647332775
672,2020-03-13,7,1.773431174648736
673,2020-03-14,7,0.724094599650839
674,2020-03-15,7,0.1629908584332076
675,2020-03-16,7,16.562656006123543
676,2020-03-17,7,3.9663699276069915
677,2020-03-18,7,0.9527301859441746
678,2020-03-19,7,2.169469030633568
679,2020-03-20,7,11.62813768708715
680,2020-03-21,7,0.28058374338442116
681,2020-03-22,7,0.5803371374154191
682,2020-03-23,7,0.08200551758314556
683,2020-03-24,7,14.106146989623237
684,2020-03-25,7,2.151571192220512
685,2020-03-26,7,0.42150484262976895
686,2020-03-27,7,0.5721918279612015
687,2020-03-28,7,0.7334379893133898
688,2020-03-29,7,2.285969196090077
689,2020-03-30,7,1.4240577809414288
690,2020-03-31,7,4.5512154289007904
691,2020-04-01,7,0.5353951930493048
692,2020-04-02,7,26.55626125050961
693,2020-04-03,7,0.47061334757175244
694,2020-04-04,7,0.8778260283439312
695,2020-04-05,7,25.56587740312728
696,2020-04-06,7,1.0958462621050118
697,2020-04-07,7,7.572244557170517
698,2020-04-08,7,0.5678711972120751
699,2020-04-09,7,0.11339770923862491
700,2020-01-01,8,0.07112041429312455
701,2020-01-02,8,10.224470898336522
702,2020-01-03,8,1.031563303043571
703,2020-01-04,8,0.021672273325273217
704,2020-01-05,8,0.6252713449256446
705,2020-01-06,8,0.0791372390598577
706,2020-01-07,8,0.8679505067215054
707,2020-01-08,8,0.39368553106102655
708,2020-01-09,8,0.04142886281718017
709,2020-01-10,8,0.6802688731921915
710,2020-01-11,8,0.9967060141064474
711,2020-01-12,8,0.02721801198505802
712,2020-01-13,8,0.8491985042493693
713,2020-01-14,8,5.084218837547214
714,2020-01-15,8,0.04742194197655536
715,2020-01-16,8,0.36320255039438654
716,2020-01-17,8,2.9412256687170513
717,2020-01-18,8,0.3992179802278488
718,2020-01-19,8,0.6548078383962954
719,2020-01-20,8,0.7258225940601011
720,2020-01-21,8,1.2768392128275652
721,2020-01-22,8,0.29707741159043044
722,2020-01-23,8,0.09405286899350629
723,2020-01-24,8,0.9720504583888048
724,2020-01-25,8,1.1615863230803933
725,2020-01-26,8,1.4444630577275706
726,2020-01-27,8,0.5841717563818907
727,2020-01-28,8,2.9747099782323567
728,2020-01-29,8,0.04199786243124204
729,2020-01-30,8,0.07853136609854117
730,2020-01-31,8,0.6308121310844439
731,2020-02-01,8,0.14244566291245753
732,2020-02-02,8,0.03746286232548113
733,2020-02-03,8,2.4349947272397694
734,2020-02-04,8,1.698349837183582
735,2020-02-05,8,2.271788078707822
736,2020-02-06,8,6.054237850968547
737,2020-02-07,8,2.824153470211676
738,2020-02-08,8,1.2485434320536521
739,2020-02-09,8,0.4736083075657971
740,2020-02-10,8,0.37374537652300477
741,2020-02-11,8,0.011938358298567486
742,2020-02-12,8,0.18407964989128422
743,2020-02-13,8,0.8567700982369635
744,2020-02-14,8,0.009654901949977202
745,2020-02-15,8,1.3862572874503658
746,2020-02-16,8,1.6008493529363448
747,2020-02-17,8,0.0075709445043021795
748,2020-02-18,8,1.132000950334353
749,2020-02-19,8,0.5568415334666683
750,2020-02-20,8,0.2098986315837632
751,2020-02-21,8,3.4340953062807147
752,2020-02-22,8,0.5599083805655565
753,2020-02-23,8,0.18998001200168035
754,2020-02-24,8,2.000699824727799
755,2020-02-25,8,5.781295217932448
756,2020-02-26,8,1.862146960453381
757,2020-02-27,8,0.1674995983196763
758,2020-02-28,8,0.06429206096791051
759,2020-02-29,8,0.1407812976290017
760,2020-03-01,8,2.0650941310428226
761,2020-03-02,8,0.1403393693573889
762,2020-03-03,8,0.20825386091315523
763,2020-03-04,8,1.3735124116433934
764,2020-03-05,8,0.1623375196477792
765,2020-03-06,8,0.02381349186685089
766,2020-03-07,8,0.06642836186186751
767,2020-03-08,8,0.10039485677275373
768,2020-03-09,8,2.385644620855301
769,2020-03-10,8,0.32756220742359554
770,2020-03-11,8,1.5212041700782688
771,2020-03-12,8,0.2658222800816381
772,2020-03-13,8,1.3630241221214896
773,2020-03-14,8,0.07690751252551165
774,2020-03-15,8,0.936054089211275
775,2020-03-16,8,9.253293720581997
776,2020-03-17,8,0.13727900564290163
777,2020-03-18,8,0.7527059976756914
778,2020-03-19,8,0.3438111471883549
779,2020-03-20,8,0.13289827612103733
780,2020-03-21,8,3.094092109946705
781,2020-03-22,8,0.09273929758717325
782,2020-03-23,8,1.7653094868546457
783,2020-03-24,8,0.010818614819551264
784,2020-03-25,8,0.3895605999292724
785,2020-03-26,8,0.4879093620144075
786,2020-03-27,8,2.795828438336749
787,2020-03-28,8,0.029815887125558715
788,2020-03-29,8,0.10990923511781592
789,2020-03-30,8,2.2499206205936235
790,2020-03-31,8,0.3677593679307414
791,2020-04-01,8,2.3291874274619166
792,2020-04-02,8,0.20393693191475593
793,2020-04-03,8,0.12617297262267524
794,2020-04-04,8,0.1995315831837312
795,2020-04-05,8,2.090724314888083
796,2020-04-06,8,0.4272333947183118
797,2020-04-07,8,2.120263379675734
798,2020-04-08,8,0.7202674052658538
799,2020-04-09,8,0.5987190170692958
800,2020-01-01,9,0.11300576141585572
801,2020-01-02,9,0.12572773916436986
802,2020-01-03,9,0.876268834075588
803,2020-01-04,9,0.4182863348280479
804,2020-01-05,9,0.06411750057775079
805,2020-01-06,9,0.5440282951880038
806,2020-01-07,9,0.5461305015920297
807,2020-01-08,9,2.101250861190859
808,2020-01-09,9,0.4847068798845984
809,2020-01-10,9,0.01479537951487786
810,2020-01-11,9,1.8487926070495373
811,2020-01-12,9,1.0027688256300857
812,2020-01-13,9,0.6043254216662357
813,2020-01-14,9,4.03991086523996
814,2020-01-15,9,0.7369427346036919
815,2020-01-16,9,2.420845113395094
816,2020-01-17,9,4.4386936642296995
817,2020-01-18,9,0.0039793500872071785
818,2020-01-19,9,0.15433905427189543
819,2020-01-20,9,0.14540929566459404
820,2020-01-21,9,1.376674667373293
821,2020-01-22,9,0.29383479624685993
822,2020-01-23,9,0.5306473548428137
823,2020-01-24,9,0.11204387174702535
824,2020-01-25,9,3.793052958322166
825,2020-01-26,9,2.1767097112278617
826,2020-01-27,9,4.573152180530037
827,2020-01-28,9,1.8848921184096614
828,2020-01-29,9,0.4803798950962208
829,2020-01-30,9,0.14503709297988965
830,2020-01-31,9,0.6460740480924887
831,2020-02-01,9,0.44651988581562474
832,2020-02-02,9,4.1315060737746245
833,2020-02-03,9,0.3462506014167068
834,2020-02-04,9,1.8432903873719866
835,2020-02-05,9,0.37259900818870206
836,2020-02-06,9,0.3702270243979895
837,2020-02-07,9,0.9022265910454652
838,2020-02-08,9,1.1219442410401284
839,2020-02-09,9,0.06643585281071385
840,2020-02-10,9,0.8824289761991737
841,2020-02-11,9,0.04973120155780575
842,2020-02-12,9,0.5284739564506498
843,2020-02-13,9,0.5290038785227638
844,2020-02-14,9,2.733371208388109
845,2020-02-15,9,0.038388688098157875
846,2020-02-16,9,1.0443090929975107
847,2020-02-17,9,0.09005317927666812
848,2020-02-18,9,0.6067574606183146
849,2020-02-19,9,0.10688141928348105
850,2020-02-20,9,0.11183371779125051
851,2020-02-21,9,4.068859551055105
852,2020-02-22,9,0.7925832005734146
853,2020-02-23,9,0.055654858197212054
854,2020-02-24,9,2.234561305472102
855,2020-02-25,9,0.6174655364886208
856,2020-02-26,9,0.5215515922436913
857,2020-02-27,9,5.353989737254472
858,2020-02-28,9,4.0357370377681665
859,2020-02-29,9,0.6142780565292802
860,2020-03-01,9,3.5446195668258005
861,2020-03-02,9,0.08333718096576637
862,2020-03-03,9,0.54530422787909
863,2020-03-04,9,21.143478965343558
864,2020-03-05,9,0.26788868004240207
865,2020-03-06,9,0.1668705094405063
866,2020-03-07,9,0.005182719393925783
867,2020-03-08,9,0.001211218238387879
868,2020-03-09,9,0.015012432960672006
869,2020-03-10,9,0.1707959557622336
870,2020-03-11,9,1.6036317076013944
871,2020-03-12,9,0.23220157831203148
872,2020-03-13,9,0.3543448903310058
873,2020-03-14,9,0.032988888035203834
874,2020-03-15,9,0.2623193882416097
875,2020-03-16,9,0.335077687345527
876,2020-03-17,9,0.12760489394340002
877,2020-03-18,9,0.11246811107721433
878,2020-03-19,9,0.3551010149268088
879,2020-03-20,9,0.38300766579541334
880,2020-03-21,9,0.2793977989889671
881,2020-03-22,9,0.49781307032329125
882,2020-03-23,9,0.06987535004093015
883,2020-03-24,9,4.6552787533186635
884,2020-03-25,9,1.2771438099480004
885,2020-03-26,9,1.8475224672760402
886,2020-03-27,9,0.004074931140565674
887,2020-03-28,9,0.2643092512650582
888,2020-03-29,9,3.8012845271237143
889,2020-03-30,9,0.051605806541553
890,2020-03-31,9,3.5345628499351074
891,2020-04-01,9,0.047765392706658805
892,2020-04-02,9,0.28552422364097985
893,2020-04-03,9,0.18952438717161413
894,2020-04-04,9,0.23247316278439656
895,2020-04-05,9,0.2972133101892911
896,2020-04-06,9,0.14955254604758195
897,2020-04-07,9,1.167445467931548
898,2020-04-08,9,0.6243422967155441
899,2020-04-09,9,0.9950438812435451
900,2020-01-01,10,0.03866568586560937
901,2020-01-02,10,0.8925386593478406
902,2020-01-03,10,6.134873303578205
903,2020-01-04,10,0.759350735978997
904,2020-01-05,10,0.4513401080473327
905,2020-01-06,10,0.006982198272243112
906,2020-01-07,10,1.093174555940391
907,2020-01-08,10,0.543848433515062
908,2020-01-09,10,1.4988267213020872
909,2020-01-10,10,0.25686688281892867
910,2020-01-11,10,0.13998316303387703
911,2020-01-12,10,2.402611595404537
912,2020-01-13,10,0.05688411930638071
913,2020-01-14,10,0.12033268710316714
914,2020-01-15,10,0.4157497051641661
915,2020-01-16,10,0.29323819447618193
916,2020-01-17,10,20.228639126332308
917,2020-01-18,10,0.11447631854365237
918,2020-01-19,10,0.5213405599778784
919,2020-01-20,10,0.006662771149505531
920,2020-01-21,10,0.4893385594584052
921,2020-01-22,10,0.2819256127303016
922,2020-01-23,10,0.6286221137944799
923,2020-01-24,10,0.0379870741155528
924,2020-01-25,10,0.11443282332296367
925,2020-01-26,10,0.20003807276468066
926,2020-01-27,10,0.08571940225782138
927,2020-01-28,10,1.7308120148088775
928,2020-01-29,10,0.20558717848268704
929,2020-01-30,10,0.050469930986385636
930,2020-01-31,10,0.6925998699300204
931,2020-02-01,10,0.23955408373569997
932,2020-02-02,10,0.09197740192658155
933,2020-02-03,10,0.10572774590265754
934,2020-02-04,10,0.25280780758274
935,2020-02-05,10,0.5899842451057118
936,2020-02-06,10,0.07653891213482411
937,2020-02-07,10,3.389240298508331
938,2020-02-08,10,0.07418192731780149
939,2020-02-09,10,11.43119944300436
940,2020-02-10,10,0.6264757828798824
941,2020-02-11,10,0.30015054165010935
942,2020-02-12,10,0.4222240749874935
943,2020-02-13,10,1.6763412436733196
944,2020-02-14,10,0.10874414683571576
945,2020-02-15,10,1.6366127951747425
946,2020-02-16,10,0.9352054400877967
947,2020-02-17,10,1.1862587897456054
948,2020-02-18,10,0.5648114080462876
949,2020-02-19,10,7.044015922805755
950,2020-02-20,10,0.31537997558466935
951,2020-02-21,10,0.2134345018831072
952,2020-02-22,10,0.03745148822401245
953,2020-02-23,10,3.3376911602532235
954,2020-02-24,10,0.21909683432104
955,2020-02-25,10,0.6492239722278506
956,2020-02-26,10,0.060232050616480626
957,2020-02-27,10,0.29440031833836544
958,2020-02-28,10,0.428686463442177
959,2020-02-29,10,0.2694960218526583
960,2020-03-01,10,0.300607160601021
961,2020-03-02,10,0.31314732823436353
962,2020-03-03,10,0.5454344730277008
963,2020-03-04,10,0.22240505091693885
964,2020-03-05,10,0.13567331537295035
965,2020-03-06,10,0.10199117375528921
966,2020-03-07,10,0.3786194458710683
967,2020-03-08,10,0.628536655850134
968,2020-03-09,10,0.49056325049537786
969,2020-03-10,10,0.32169922223527614
970,2020-03-11,10,3.6228915632828906
971,2020-03-12,10,2.1922796699010765
972,2020-03-13,10,0.22580799199982704
973,2020-03-14,10,0.49806331361506806
974,2020-03-15,10,0.40496986685080505
975,2020-03-16,10,0.7476823777678347
976,2020-03-17,10,1.8230195200632338
977,2020-03-18,10,0.049524013671826905
978,2020-03-19,10,0.8491159194899376
979,2020-03-20,10,0.6652555130409585
980,2020-03-21,10,0.0016472539770402417
981,2020-03-22,10,0.07499986590384067
982,2020-03-23,10,0.14532135986436256
983,2020-03-24,10,0.08962034232436777
984,2020-03-25,10,0.7054257500423422
985,2020-03-26,10,1.7384238150410392
986,2020-03-27,10,0.34196338033552576
987,2020-03-28,10,0.18587936628030954
988,2020-03-29,10,0.1709592537441651
989,2020-03-30,10,0.04523287385224206
990,2020-03-31,10,0.012866949534128702
991,2020-04-01,10,1.4945712205556974
992,2020-04-02,10,1.1073853867858054
993,2020-04-03,10,0.6212619296723441
994,2020-04-04,10,1.1162063500134614
995,2020-04-05,10,0.4062995210513607
996,2020-04-06,10,1.176380414326561
997,2020-04-07,10,2.9413745790380306
998,2020-04-08,10,0.13292523970229908
999,2020-04-09,10,0.5660710310876078
